일자,기온,풍속,체감온도
2016-02-01,-0.2,1.3,-1.1
2016-02-02,-2.3,0.8,-2.7
2016-02-03,-1.9,0.6,-2.2
2016-02-04,-0.6,0.7,-0.8
2016-02-05,1.5,1,1.2
2016-02-06,-0.3,1.7,-1.6
2016-02-07,-1.7,0.7,-1.9
2016-02-08,0.8,1.5,0.1
2016-02-09,5,2.4,3.7
2016-02-10,1.7,0.8,1.5
2016-02-11,5.2,0.9,5.1
2016-02-12,8.8,1.2,8.6
2016-02-13,11.5,0.8,11.5
2016-02-14,5.4,2.8,3.8
2016-02-15,-1.2,1.8,-2.8
2016-02-16,-0.2,1.8,-1.2
2016-02-17,1.7,1.1,1.3
2016-02-18,1.9,1,1.6
2016-02-19,4.8,0.9,4.6
2016-02-20,6.2,1.7,5.3
2016-02-21,2.5,1.3,1.8
2016-02-22,3,0.8,2.8
2016-02-23,5.5,1.8,4.7
2016-02-24,1.6,1.5,0.5
2016-02-25,0.9,1.8,-0.4
2016-02-26,1.5,1,1.2
2016-02-27,7.5,1.7,7.1
2016-02-28,6,1.4,5.6
2016-02-29,0.2,2.8,-2.5
2016-03-01,-1.1,1.1,-1.8
2016-03-02,2.8,1.3,2.3
2016-03-03,6.3,1.1,6.3
2016-03-04,8.1,0.8,8
2016-03-05,11.7,1.4,11.6
2016-03-06,14.3,1,14.3
2016-03-07,11,1.2,10.9
2016-03-08,8.4,1.3,7.9
2016-03-09,5.4,1.5,4.9
2016-03-10,3.3,2,2.2
2016-03-11,2,1.5,1.2
2016-03-12,2.4,1,2
2016-03-13,4.8,0.9,4.6
2016-03-14,5.4,1.4,5
2016-03-15,5.3,1,5.2
2016-03-16,8.6,1.2,8.5
2016-03-17,8.8,1.1,8.8
2016-03-18,9.9,0.6,9.9
2016-03-19,11.6,1,11.5
2016-03-20,9.4,1,9.3
2016-03-21,9.6,1.1,9.6
2016-03-22,9.5,1,9.4
2016-03-23,10.3,1.4,10.1
2016-03-24,8.6,2,7.9
2016-03-25,6.9,1.3,6.7
2016-03-26,6.6,1.1,6.4
2016-03-27,7.5,0.9,7.4
2016-03-28,8.3,0.9,8.3
2016-03-29,9.9,1.7,9.7
2016-03-30,14.2,1.4,14.2
2016-03-31,12,0.8,12
2016-04-01,13.3,1.1,13.3
2016-04-02,12.8,1.2,12.8
2016-04-03,12.3,0.7,12.3
2016-04-04,11.2,1.1,11.1
2016-04-05,12.7,0.9,12.7
2016-04-06,11.6,0.9,11.6
2016-04-07,12.1,0.8,12.1
2016-04-08,14.9,0.9,14.9
2016-04-09,14.8,1,14.8
2016-04-10,14.1,1.2,14.1
2016-04-11,11,1.8,10.6
2016-04-12,11.3,1.3,11.3
2016-04-13,13.3,0.5,13.3
2016-04-14,17.4,1.3,17.4
2016-04-15,13.2,1.2,13.1
2016-04-16,12.4,1.5,12.3
2016-04-17,15.8,3.4,15.5
2016-04-18,14.2,1.6,14.2
2016-04-19,14,1.8,13.8
2016-04-20,13,1.1,13
2016-04-21,13.9,0.7,13.9
2016-04-22,17.1,1.3,17.1
2016-04-23,15.5,0.6,15.5
2016-04-24,14.9,0.9,14.9
2016-04-25,15.5,1.1,15.5
2016-04-26,15.8,1.2,15.8
2016-04-27,11.7,1.9,11.3
2016-04-28,13.9,0.9,13.9
2016-04-29,15.2,1.3,15.2
2016-04-30,16.1,1.5,16.1
2016-05-01,16.7,1.4,16.7
2016-05-02,17.1,1.4,17.1
2016-05-03,17.1,4.5,16.7
2016-05-04,18.5,4.3,18.2
2016-05-05,15.8,1,15.8
2016-05-06,17.5,0.8,17.5
2016-05-07,18.7,1.5,18.7
2016-05-08,16.6,1.5,16.6
2016-05-09,17.4,0.8,17.4
2016-05-10,14.9,1.1,14.8
2016-05-11,15.8,1,15.8
2016-05-12,17.3,1.5,17.3
2016-05-13,16.8,1.3,16.8
2016-05-14,16.8,1.1,16.8
2016-05-15,17.3,1.1,17.3
2016-05-16,16.1,1.9,15.9
2016-05-17,16.1,1,16.1
2016-05-18,19.1,1,19.1
2016-05-19,19.3,0.9,19.3
2016-05-20,19.3,1,19.3
2016-05-21,19.2,1,19.2
2016-05-22,19.5,1.1,19.5
2016-05-23,19.4,1.1,19.4
2016-05-24,19.1,1.1,19.1
2016-05-25,19.4,0.9,19.4
2016-05-26,20.3,1,20.3
2016-05-27,22.5,1.1,22.5
2016-05-28,21,1.2,21
2016-05-29,19.8,0.9,19.8
2016-05-30,21.6,1,21.6
2016-05-31,21.1,0.7,21.1
2016-06-01,20.9,1.5,20.9
2016-06-02,19.1,1.2,19.1
2016-06-03,20.4,1.1,20.4
2016-06-04,17.7,0.7,17.7
2016-06-05,21.1,1.7,21.1
2016-06-06,18.5,1.3,18.5
2016-06-07,21.1,1,21.1
2016-06-08,21.2,0.9,21.2
2016-06-09,21.9,1.2,21.9
2016-06-10,22.3,1.1,22.3
2016-06-11,22.6,1.3,22.6
2016-06-12,22.4,0.8,22.4
2016-06-13,23.3,1.4,23.3
2016-06-14,22.9,1.6,22.9
2016-06-15,21.7,1.2,21.7
2016-06-16,24.1,1.4,24.1
2016-06-17,22.3,1.2,22.3
2016-06-18,22.4,1.5,22.4
2016-06-19,24.8,1.5,24.8
2016-06-20,23.1,0.9,23.1
2016-06-21,22.6,0.8,22.6
2016-06-22,21.6,0.7,21.6
2016-06-23,23.8,1,23.8
2016-06-24,22.4,1.4,22.4
2016-06-25,23.2,2.4,23.2
2016-06-26,23.5,1.3,23.5
2016-06-27,20.8,0.8,20.8
2016-06-28,21.3,0.9,21.3
2016-06-29,21.3,0.9,21.3
2016-06-30,23.2,1.4,23.2
2016-07-01,23.6,1.3,23.6
2016-07-02,23.9,1.8,23.9
2016-07-03,21.5,0.6,21.5
2016-07-04,23.4,0.6,23.4
2016-07-05,26.5,1.7,26.5
2016-07-06,26.6,1.6,26.6
2016-07-07,25.9,0.9,25.9
2016-07-08,25.3,1.2,25.3
2016-07-09,25.5,1.1,25.5
2016-07-10,26,0.8,26
2016-07-11,24.4,0.8,24.4
2016-07-12,24.3,1.1,24.3
2016-07-13,25.7,1,25.7
2016-07-14,26.5,1.3,26.5
2016-07-15,25.2,1.5,25.2
2016-07-16,21.9,0.8,21.9
2016-07-17,24.5,1.3,24.5
2016-07-18,24.4,1,24.4
2016-07-19,24.9,0.9,24.9
2016-07-20,24.5,1,24.5
2016-07-21,24.4,1,24.4
2016-07-22,24,0.8,24
2016-07-23,25.1,1.1,25.1
2016-07-24,26.7,1.1,26.7
2016-07-25,27.8,1.2,27.8
2016-07-26,28,1.5,28
2016-07-27,28.5,1.5,28.5
2016-07-28,28.7,1.7,28.7
2016-07-29,28.8,1.5,28.8
2016-07-30,29,1.2,29
2016-07-31,28.5,1.3,28.5
2016-08-01,27.4,1.1,27.4
2016-08-02,26,0.9,26
2016-08-03,26.1,0.9,26.1
2016-08-04,27.1,1.2,27.1
2016-08-05,27.7,1.2,27.7
2016-08-06,28.3,1,28.3
2016-08-07,28.2,1.1,28.2
2016-08-08,27.9,1,27.9
2016-08-09,27.4,1.1,27.4
2016-08-10,28.8,1.1,28.8
2016-08-11,30.1,1.1,30.1
2016-08-12,30.3,1,30.3
2016-08-13,30,1,30
2016-08-14,29.7,0.9,29.7
2016-08-15,27.9,0.8,27.9
2016-08-16,27.4,0.7,27.4
2016-08-17,26.9,0.9,26.9
2016-08-18,27.2,1,27.2
2016-08-19,27.5,0.9,27.5
2016-08-20,28.2,1.3,28.2
2016-08-21,27.9,1.3,27.9
2016-08-22,28.2,1.2,28.2
2016-08-23,26.9,1,26.9
2016-08-24,27.2,1.2,27.2
2016-08-25,26.3,1,26.3
2016-08-26,22.8,1.1,22.8
2016-08-27,22.7,1.6,22.7
2016-08-28,18.7,1.6,18.7
2016-08-29,21,1.7,21
2016-08-30,21.5,2,21.5
2016-08-31,24.7,4.1,24.7
2016-09-01,25.2,1.9,25.2
2016-09-02,19.4,0.8,19.4
2016-09-03,21.6,0.7,21.6
2016-09-04,23.6,0.9,23.6
2016-09-05,24.8,0.6,24.8
2016-09-06,24.3,0.7,24.3
2016-09-07,23.7,0.7,23.7
2016-09-08,23.4,0.8,23.4
2016-09-09,23.1,0.8,23.1
2016-09-10,22.6,0.7,22.6
2016-09-11,22.2,0.6,22.2
2016-09-12,20.7,0.7,20.7
2016-09-13,21.6,0.9,21.6
2016-09-14,22.2,0.6,22.2
2016-09-15,23,0.8,23
2016-09-16,22.2,0.7,22.2
2016-09-17,19.3,1,19.3
2016-09-18,19.7,1.2,19.7
2016-09-19,20.5,2.2,20.5
2016-09-20,19.3,2.3,19.3
2016-09-21,17.7,0.9,17.7
2016-09-22,19.1,0.7,19.1
2016-09-23,19.6,0.9,19.6
2016-09-24,20.6,0.8,20.6
2016-09-25,20.7,0.6,20.7
2016-09-26,21.4,0.5,21.4
2016-09-27,23.9,0.8,23.9
2016-09-28,22.2,0.6,22.2
2016-09-29,19,0.8,19
2016-09-30,16.9,0.6,16.9
2016-10-01,19,0.4,19
2016-10-02,21.3,0.4,21.3
2016-10-03,23.7,0.7,23.7
2016-10-04,22,1.4,22
2016-10-05,20.2,2.1,20.2
2016-10-06,19,0.7,19
2016-10-07,18.2,0.8,18.2
2016-10-08,17.5,0.6,17.5
2016-10-09,14.6,1.5,14.5
2016-10-10,14,0.8,14
2016-10-11,14.4,0.5,14.4
2016-10-12,15.4,0.7,15.4
2016-10-13,15.2,0.3,15.2
2016-10-14,14.9,0.5,14.9
2016-10-15,15.2,0.5,15.2
2016-10-16,14.6,0.4,14.6
2016-10-17,18,0.7,18
2016-10-18,16.7,0.6,16.7
2016-10-19,16.7,0.4,16.7
2016-10-20,15.9,0.5,15.9
2016-10-21,16.5,1.1,16.5
2016-10-22,16.5,0.8,16.5
2016-10-23,15.8,1.7,15.8
2016-10-24,14.8,1.1,14.8
2016-10-25,15,0.8,15
2016-10-26,13.9,0.6,13.9
2016-10-27,13.8,0.9,13.8
2016-10-28,14.2,1,14.2
2016-10-29,13.2,1,13.2
2016-10-30,9.2,0.9,9.1
2016-10-31,7.7,0.5,7.7
2016-11-01,6.7,1.8,5.9
2016-11-02,5.4,1.2,5
2016-11-03,7.4,0.6,7.4
2016-11-04,9.2,0.8,9.2
2016-11-05,10.8,0.8,10.8
2016-11-06,11.3,0.9,11.3
2016-11-07,12.1,0.7,12.1
2016-11-08,11.8,1.6,11.5
2016-11-09,6,1.4,5.5
2016-11-10,9,0.8,8.9
2016-11-11,9.5,0.6,9.5
2016-11-12,8.9,0.6,8.9
2016-11-13,10.9,0.6,10.9
2016-11-14,14.3,0.6,14.2
2016-11-15,12.2,1,12.2
2016-11-16,6.6,0.5,6.6
2016-11-17,9,0.8,9
2016-11-18,9.2,0.5,9.2
2016-11-19,13.5,0.2,13.5
2016-11-20,13.3,0.5,13.3
2016-11-21,10.5,0.3,10.5
2016-11-22,9.2,1.4,8.7
2016-11-23,6.6,1.3,6.3
2016-11-24,3.3,2.4,1.5
2016-11-25,3.2,0.8,3
2016-11-26,1,0.6,0.9
2016-11-27,4.6,1,4.5
2016-11-28,4.2,0.9,4.1
2016-11-29,3.1,0.9,2.9
2016-11-30,6.5,0.5,6.4
2016-12-01,7.7,1.3,7.3
2016-12-02,2.9,0.5,2.9
2016-12-03,2.7,0.4,2.7
2016-12-04,4,0.4,4
2016-12-05,5.5,0.4,5.5
2016-12-06,4.4,1.4,3.6
2016-12-07,0.2,0.5,0.2
2016-12-08,2.8,0.7,2.7
2016-12-09,7.2,1.5,6.8
2016-12-10,1.8,0.6,1.6
2016-12-11,-0.3,0.6,-0.4
2016-12-12,3,0.6,3
2016-12-13,6,0.7,5.9
2016-12-14,3.5,1.3,2.9
2016-12-15,-0.6,1.9,-1.9
2016-12-16,-1.3,1.2,-1.9
2016-12-17,-0.2,0.5,-0.2
2016-12-18,1.2,0.4,1.2
2016-12-19,5.4,0.5,5.4
2016-12-20,8.6,0.6,8.6
2016-12-21,6.3,0.7,6.2
2016-12-22,11.8,2.8,11.1
2016-12-23,4.4,1.7,3.3
2016-12-24,1.9,1,1.4
2016-12-25,3,0.5,2.9
2016-12-26,5.6,0.7,5.5
2016-12-27,4.3,2.2,3
2016-12-28,-0.6,0.8,-0.9
2016-12-29,-0.3,1.4,-1.2
2016-12-30,-1.9,0.5,-2.1
2016-12-31,0,0.5,-0.1
2017-01-01,1.5,0.3,1.5
2017-01-02,4.4,0.5,4.4
2017-01-03,2.6,0.4,2.6
2017-01-04,1.8,0.2,1.8
2017-01-05,3.9,0.8,3.7
2017-01-06,6.2,1.2,5.8
2017-01-07,3.2,0.4,3.2
2017-01-08,7.2,0.7,7.1
2017-01-09,5.3,1.8,4.5
2017-01-10,0.7,1.2,0
2017-01-11,0.1,1.5,-1.1
2017-01-12,1.3,1.4,0.7
2017-01-13,0,1.8,-1.1
2017-01-14,-2.7,3,-5.8
2017-01-15,-3.2,1.4,-4.3
2017-01-16,-1.9,0.8,-2.4
2017-01-17,-2.1,0.4,-2.1
2017-01-18,1.1,0.9,0.7
2017-01-19,-0.4,0.4,-0.4
2017-01-20,-0.5,2.6,-2.5
2017-01-21,-2.2,1,-2.7
2017-01-22,-0.1,2.6,-2.4
2017-01-23,-3.2,1.8,-4.6
2017-01-24,-3.5,1.1,-4.3
2017-01-25,-3.2,0.5,-3.2
2017-01-26,-1.5,0.8,-1.7
2017-01-27,5.2,2,4.2
2017-01-28,1.5,0.7,1.4
2017-01-29,3.4,0.6,3.2
2017-01-30,2.2,2.7,0.2
2017-01-31,-1.3,0.7,-1.4
2017-02-01,0.8,1.8,-0.3
2017-02-02,0.3,1.1,-0.1
2017-02-03,0.9,0.6,0.7
2017-02-04,5.2,0.7,5.1
2017-02-05,6.5,1.4,5.8
2017-02-06,2.8,1.9,1.6
2017-02-07,1,0.7,0.7
2017-02-08,2.4,0.8,2.1
2017-02-09,0.4,2.9,-2.1
2017-02-10,-2.3,2.7,-4.7
2017-02-11,-1,2,-2.8
2017-02-12,-0.8,0.8,-1.1
2017-02-13,1,0.8,0.7
2017-02-14,2.4,0.9,2.1
2017-02-15,2.2,0.5,2.1
2017-02-16,5.6,1,5.5
2017-02-17,10.8,2.3,10.2
2017-02-18,3.3,1.6,2.5
2017-02-19,2.5,0.9,2.1
2017-02-20,8.3,2.6,7.1
2017-02-21,1.5,0.7,1.2
2017-02-22,2.8,0.4,2.8
2017-02-23,4.3,2.4,2.7
2017-02-24,2.5,2.2,1.1
2017-02-25,2.6,0.9,2.4
2017-02-26,2.8,0.7,2.7
2017-02-27,4.8,0.9,4.7
2017-02-28,5.1,0.8,5.1
2017-03-01,6,1,5.9
2017-03-02,5.3,2.4,4
2017-03-03,3.5,0.9,3.4
2017-03-04,5.6,1,5.5
2017-03-05,6.1,0.7,6
2017-03-06,5,2.5,3.5
2017-03-07,1.1,2.1,-0.2
2017-03-08,1.2,1.6,0.2
2017-03-09,5.1,2.4,4.1
2017-03-10,5.5,0.9,5.5
2017-03-11,6.2,0.9,6.2
2017-03-12,7.7,0.8,7.7
2017-03-13,9.3,1.2,9.2
2017-03-14,8.7,1.8,8.2
2017-03-15,5.6,1.1,5.3
2017-03-16,6.2,1.1,6
2017-03-17,6.5,1,6.4
2017-03-18,7,0.7,7
2017-03-19,8.1,1,8.1
2017-03-20,6.8,0.8,6.7
2017-03-21,9.6,1.7,9.3
2017-03-22,6.4,0.8,6.4
2017-03-23,9.3,0.8,9.3
2017-03-24,7.8,1,7.6
2017-03-25,6.5,1.1,6.2
2017-03-26,6.6,1.1,6.3
2017-03-27,6,1.2,5.7
2017-03-28,6.9,1,6.8
2017-03-29,7.1,0.8,7.1
2017-03-30,10.5,1.2,10.4
2017-03-31,9.8,1.1,9.7
2017-04-01,8.3,1,8.2
2017-04-02,8.3,1.3,8.2
2017-04-03,10.8,1.2,10.8
2017-04-04,12,1.2,12
2017-04-05,13.2,1.1,13.2
2017-04-06,15.7,1.6,15.7
2017-04-07,15.3,1.3,15.3
2017-04-08,15.9,0.8,15.9
2017-04-09,15,1.7,14.9
2017-04-10,13.6,2.2,13.5
2017-04-11,13,1.8,12.8
2017-04-12,14.7,2.4,14.5
2017-04-13,12.9,1.7,12.9
2017-04-14,15.3,2,15.3
2017-04-15,18.1,2.1,18.1
2017-04-16,17,1,17
2017-04-17,14.2,0.7,14.1
2017-04-18,14.5,1.8,14.5
2017-04-19,15.1,1.9,15
2017-04-20,12.8,1,12.8
2017-04-21,14.4,1.1,14.4
2017-04-22,12.6,0.8,12.6
2017-04-23,14,1.2,14
2017-04-24,14.4,1.2,14.4
2017-04-25,17.1,1.2,17.1
2017-04-26,15,1,15
2017-04-27,14.9,2.1,14.8
2017-04-28,14.8,2,14.8
2017-04-29,17.5,1.5,17.5
2017-04-30,19.3,1.5,19.3
2017-05-01,17.9,1.5,17.9
2017-05-02,15.4,0.9,15.4
2017-05-03,16.7,1,16.7
2017-05-04,17.5,1.1,17.5
2017-05-05,17.3,0.7,17.3
2017-05-06,18.4,1.3,18.4
2017-05-07,17.4,1.6,17.4
2017-05-08,16.9,1,16.9
2017-05-09,14.1,1,14.1
2017-05-10,16.6,1.2,16.5
2017-05-11,19.1,1.3,19.1
2017-05-12,17.5,0.9,17.5
2017-05-13,18.2,1.2,18.2
2017-05-14,17.2,1.6,17.2
2017-05-15,16,1,16
2017-05-16,16.5,1,16.5
2017-05-17,17.2,0.9,17.2
2017-05-18,18.8,1,18.8
2017-05-19,20.2,1.1,20.2
2017-05-20,19.5,1.1,19.5
2017-05-21,19.6,1,19.6
2017-05-22,19.5,1.1,19.5
2017-05-23,18.7,1,18.7
2017-05-24,20.4,1.1,20.4
2017-05-25,21.3,1.8,21.3
2017-05-26,17.7,1.6,17.7
2017-05-27,17.5,1.3,17.5
2017-05-28,18.8,1.3,18.8
2017-05-29,23.3,1.2,23.3
2017-05-30,23.6,0.8,23.6
2017-05-31,21.4,1.3,21.4
2017-06-01,23.3,1.5,23.3
2017-06-02,20.1,1.8,20.1
2017-06-03,21,1.5,21
2017-06-04,20,1.2,20
2017-06-05,19.5,1.2,19.5
2017-06-06,17.1,0.9,17.1
2017-06-07,19.7,1.7,19.7
2017-06-08,21.2,1.3,21.2
2017-06-09,22.2,1.4,22.2
2017-06-10,22,1.3,22
2017-06-11,20.8,1.5,20.8
2017-06-12,19.3,1.5,19.3
2017-06-13,18.9,1.2,18.9
2017-06-14,20.9,1.4,20.9
2017-06-15,23.3,1.2,23.3
2017-06-16,21.7,1.3,21.7
2017-06-17,22.2,1.2,22.2
2017-06-18,22.6,1.2,22.6
2017-06-19,23.7,1.4,23.7
2017-06-20,21.4,0.9,21.4
2017-06-21,22.7,1.4,22.7
2017-06-22,23.4,1.3,23.4
2017-06-23,24,1,24
2017-06-24,23,1.2,23
2017-06-25,23.2,1.3,23.2
2017-06-26,21.7,1,21.7
2017-06-27,22.6,1,22.6
2017-06-28,23.5,1.1,23.5
2017-06-29,22,0.8,22
2017-06-30,23.9,1.1,23.9
2017-07-01,25.9,1.8,25.9
2017-07-02,25.9,1.5,25.9
2017-07-03,26.6,1.8,26.6
2017-07-04,26.5,1.3,26.5
2017-07-05,25.9,1.2,25.9
2017-07-06,24.8,1,24.8
2017-07-07,25.1,1,25.1
2017-07-08,25.6,1,25.6
2017-07-09,26.7,1.3,26.7
2017-07-10,26.8,1.8,26.8
2017-07-11,26.2,1.8,26.2
2017-07-12,27.4,1.2,27.4
2017-07-13,26.8,1.1,26.8
2017-07-14,26.7,1.3,26.7
2017-07-15,27,1.1,27
2017-07-16,28.7,1.6,28.7
2017-07-17,26.9,1.4,26.9
2017-07-18,26.6,0.9,26.6
2017-07-19,27.8,1,27.8
2017-07-20,28.2,1.1,28.2
2017-07-21,30.1,1.5,30.1
2017-07-22,30.1,1.3,30.1
2017-07-23,28.9,1.3,28.9
2017-07-24,29.6,1,29.6
2017-07-25,27.8,1,27.8
2017-07-26,26.4,1.3,26.4
2017-07-27,25.6,1.2,25.6
2017-07-28,26.9,1,26.9
2017-07-29,26.1,1,26.1
2017-07-30,26.7,1.1,26.7
2017-07-31,26.3,0.8,26.3
2017-08-01,27.2,1.2,27.2
2017-08-02,27.1,1.1,27.1
2017-08-03,27.3,1.4,27.3
2017-08-04,29,1.2,29
2017-08-05,29.7,1.3,29.7
2017-08-06,30.6,1.2,30.6
2017-08-07,30.8,1.2,30.8
2017-08-08,27.9,0.9,27.9
2017-08-09,26.8,1,26.8
2017-08-10,28.8,1.3,28.8
2017-08-11,26.6,1.4,26.6
2017-08-12,25.8,1,25.8
2017-08-13,24.3,1,24.3
2017-08-14,22,0.8,22
2017-08-15,22.7,0.5,22.7
2017-08-16,26.4,0.7,26.4
2017-08-17,26.9,0.8,26.9
2017-08-18,26.6,1,26.6
2017-08-19,25.4,0.9,25.4
2017-08-20,25,0.9,25
2017-08-21,25.4,1.2,25.4
2017-08-22,26.2,1,26.2
2017-08-23,28.2,1.3,28.2
2017-08-24,29.3,2.1,29.3
2017-08-25,28,1.1,28
2017-08-26,23.9,1,23.9
2017-08-27,22.7,0.9,22.7
2017-08-28,24.4,1,24.4
2017-08-29,27.1,1.5,27.1
2017-08-30,22.6,1.5,22.6
2017-08-31,21.8,1.1,21.8
2017-09-01,22.9,1.6,22.9
2017-09-02,20.2,1,20.2
2017-09-03,21.3,1.2,21.3
2017-09-04,21.8,0.9,21.8
2017-09-05,21.4,1,21.4
2017-09-06,21,0.7,21
2017-09-07,20.5,0.6,20.5
2017-09-08,22.3,0.5,22.3
2017-09-09,22.4,0.7,22.4
2017-09-10,22.3,0.9,22.3
2017-09-11,21.1,0.8,21.1
2017-09-12,23,0.9,23
2017-09-13,20.7,0.9,20.7
2017-09-14,20.2,1.1,20.2
2017-09-15,19.8,1.6,19.8
2017-09-16,21.3,2.1,21.3
2017-09-17,22.5,2.5,22.5
2017-09-18,21,0.7,21
2017-09-19,21.1,1,21.1
2017-09-20,21.4,1,21.4
2017-09-21,18,0.7,18
2017-09-22,19.5,0.7,19.5
2017-09-23,19.3,0.7,19.3
2017-09-24,20.2,0.9,20.2
2017-09-25,21.5,0.9,21.5
2017-09-26,22.1,1.1,22.1
2017-09-27,19.3,1.4,19.3
2017-09-28,20.8,1.1,20.8
2017-09-29,16,0.8,16
2017-09-30,15.8,0.8,15.8
2017-10-01,14.3,0.8,14.3
2017-10-02,20.9,0.8,20.9
2017-10-03,20.8,1.1,20.8
2017-10-04,18.9,1.4,18.9
2017-10-05,17.2,1.1,17.2
2017-10-06,16,0.7,16
2017-10-07,18.7,0.6,18.7
2017-10-08,20.3,0.7,20.3
2017-10-09,20.8,0.8,20.8
2017-10-10,21.6,0.5,21.6
2017-10-11,21.3,1,21.3
2017-10-12,14.8,1.2,14.8
2017-10-13,14.5,1.2,14.5
2017-10-14,15.5,1.1,15.5
2017-10-15,14.5,0.8,14.5
2017-10-16,15.9,1.4,15.9
2017-10-17,15,0.8,15
2017-10-18,15.7,1.4,15.7
2017-10-19,16.5,1.3,16.5
2017-10-20,16,0.8,16
2017-10-21,15.3,1.3,15.3
2017-10-22,17.7,3.4,17.6
2017-10-23,15.1,1.7,15
2017-10-24,11.9,0.5,11.9
2017-10-25,11.3,0.5,11.3
2017-10-26,11.6,0.6,11.6
2017-10-27,13.4,0.6,13.4
2017-10-28,15.3,1,15.3
2017-10-29,15.6,2.2,15.5
2017-10-30,9.7,1.4,9.5
2017-10-31,7.6,0.9,7.6
2017-11-01,9.5,0.7,9.5
2017-11-02,11,0.5,11
2017-11-03,12,0.8,12
2017-11-04,9.4,1.5,8.9
2017-11-05,6.6,0.6,6.6
2017-11-06,7.9,0.7,7.9
2017-11-07,12.1,0.6,12.1
2017-11-08,15.6,1.2,15.6
2017-11-09,10,0.7,10
2017-11-10,12.4,1.7,12.3
2017-11-11,9.4,2,8.7
2017-11-12,5.5,0.8,5.5
2017-11-13,7.6,0.6,7.6
2017-11-14,10.3,1.1,10.2
2017-11-15,6.4,1.3,6.1
2017-11-16,3.7,0.7,3.6
2017-11-17,5.1,0.5,5.1
2017-11-18,6,2.6,4.4
2017-11-19,3.2,1.7,2.1
2017-11-20,4.8,1,4.6
2017-11-21,2.7,0.7,2.7
2017-11-22,5.9,1.1,5.7
2017-11-23,3.9,1.6,3.1
2017-11-24,2.3,1.7,1.7
2017-11-25,2.6,0.6,2.4
2017-11-26,7.1,1.2,7
2017-11-27,5.3,0.4,5.3
2017-11-28,8,0.8,8
2017-11-29,9.2,0.8,9.2
2017-11-30,6.5,2.2,5.2
2017-12-01,1.6,1.8,0.2
2017-12-02,-0.5,0.6,-0.5
2017-12-03,2.1,0.6,2.1
2017-12-04,3.7,1.8,2.6
2017-12-05,-1.1,1.4,-2.1
2017-12-06,-0.5,0.8,-0.6
2017-12-07,1.6,1,1.3
2017-12-08,1.1,2.4,-0.7
2017-12-09,0.8,1.3,0.4
2017-12-10,3.6,1.3,3.1
2017-12-11,1.1,2.2,-0.7
2017-12-12,-2.5,2.1,-4.8
2017-12-13,-3.2,1.6,-4.2
2017-12-14,-3.6,0.5,-3.6
2017-12-15,-0.3,0.6,-0.3
2017-12-16,0,2,-1.6
2017-12-17,-1.9,1.6,-3.3
2017-12-18,-0.3,1.1,-0.6
2017-12-19,0.5,1.6,-0.5
2017-12-20,-2.3,0.7,-2.5
2017-12-21,-0.9,0.6,-0.9
2017-12-22,-1.2,0.5,-1.2
2017-12-23,0.5,0.4,0.5
2017-12-24,4.9,1.5,4.3
2017-12-25,2.7,1.9,1.5
2017-12-26,0.2,2.1,-1.2
2017-12-27,-1.2,1.5,-2.3
2017-12-28,-1.6,0.7,-2
2017-12-29,1.7,1,1.5
2017-12-30,1.4,0.5,1.4
2017-12-31,3.6,1.9,2.4
2018-01-01,0.8,1.5,0
2018-01-02,0.5,0.7,0.4
2018-01-03,1.8,1.6,0.9
2018-01-04,1.3,1,1
2018-01-05,2.7,1.4,2.1
2018-01-06,-0.1,0.9,-0.3
2018-01-07,-0.9,0.5,-0.9
2018-01-08,2.8,1,2.4
2018-01-09,2,2.7,-0.2
2018-01-10,-1.3,2.3,-3.8
2018-01-11,-5.2,1.5,-6.7
2018-01-12,-6.5,1.3,-7.5
2018-01-13,-5.3,0.9,-5.6
2018-01-14,-1.4,0.6,-1.6
2018-01-15,4.1,0.9,4
2018-01-16,2.4,0.7,2.3
2018-01-17,4.9,0.7,4.7
2018-01-18,3,0.6,2.9
2018-01-19,1.2,0.6,1.1
2018-01-20,0,0.5,0
2018-01-21,0.9,0.6,0.7
2018-01-22,4.3,1.2,3.8
2018-01-23,-2.1,2.4,-4.3
2018-01-24,-6.5,2.3,-9.5
2018-01-25,-5.9,2,-8.1
2018-01-26,-5.4,1.7,-7.1
2018-01-27,-5.4,0.9,-5.9
2018-01-28,0.2,1.3,-0.6
2018-01-29,-2.6,2.3,-5
2018-01-30,-4.1,0.9,-4.7
2018-01-31,-2.1,0.5,-2.2
2018-02-01,-0.9,0.7,-1.1
2018-02-02,-2.1,0.5,-2.2
2018-02-03,-3.8,2.1,-5.9
2018-02-04,-4.5,2.9,-8.1
2018-02-05,-5.1,2.4,-7.7
2018-02-06,-5,2.7,-8.4
2018-02-07,-6.1,0.9,-6.6
2018-02-08,-4.2,0.7,-4.5
2018-02-09,2.7,1.2,2.3
2018-02-10,3.7,1.8,2.6
2018-02-11,-1.5,2.4,-3.5
2018-02-12,-1.8,2.4,-3.9
2018-02-13,-0.1,1.4,-0.8
2018-02-14,4.5,1.6,4.1
2018-02-15,5.4,1,5.2
2018-02-16,3.5,0.7,3.4
2018-02-17,2.4,1.6,1.5
2018-02-18,2.8,0.8,2.6
2018-02-19,4.5,0.6,4.5
2018-02-20,3,0.7,2.9
2018-02-21,3.5,1.3,2.8
2018-02-22,0.4,0.9,0
2018-02-23,2.3,1.3,1.9
2018-02-24,5.2,0.8,5.2
2018-02-25,6.3,0.7,6.3
2018-02-26,4.3,0.9,4.1
2018-02-27,5.4,0.9,5.3
2018-02-28,5.5,1,5.2
2018-03-01,6.1,2.9,4.7
2018-03-02,2.9,1.1,2.6
2018-03-03,6.4,0.9,6.3
2018-03-04,9,0.9,8.9
2018-03-05,7.6,2,6.5
2018-03-06,6,1.5,5.6
2018-03-07,4.6,1.4,3.9
2018-03-08,4.7,1.8,3.7
2018-03-09,5.3,0.8,5.2
2018-03-10,6.5,1.2,6.3
2018-03-11,4.6,0.9,4.5
2018-03-12,7.2,1.1,7.1
2018-03-13,9.8,1.2,9.8
2018-03-14,13.4,1.3,13.4
2018-03-15,14,0.9,14
2018-03-16,7.8,2.2,6.5
2018-03-17,4.9,1.2,4.5
2018-03-18,6.1,0.7,6.1
2018-03-19,9.3,1.6,8.7
2018-03-20,5.9,3.7,3.6
2018-03-21,1.8,2.2,-0.2
2018-03-22,5.9,1,5.9
2018-03-23,6.2,0.8,6.1
2018-03-24,8.6,0.9,8.6
2018-03-25,10.7,1,10.7
2018-03-26,11.4,0.9,11.4
2018-03-27,12.2,1.1,12.2
2018-03-28,13.2,1.2,13.2
2018-03-29,14.1,1,14
2018-03-30,12.6,1.4,12.6
2018-03-31,12.4,1.1,12.4
2018-04-01,14.4,1,14.4
2018-04-02,16.3,1.4,16.3
2018-04-03,17.4,1.5,17.4
2018-04-04,14.6,1.6,14.4
2018-04-05,8.8,1.3,8.6
2018-04-06,10.7,2.7,9.9
2018-04-07,5.9,2.8,4.3
2018-04-08,7.9,2.3,7
2018-04-09,13.3,1.5,13.1
2018-04-10,12.8,1.8,12.8
2018-04-11,19.4,2.1,19.4
2018-04-12,13.8,1.2,13.8
2018-04-13,12.2,1.5,12.2
2018-04-14,10.2,1.3,10
2018-04-15,13.4,2,13.1
2018-04-16,11.5,1.3,11.4
2018-04-17,12.9,1,12.9
2018-04-18,13.3,1.2,13.3
2018-04-19,14.2,0.9,14.2
2018-04-20,16.3,1,16.3
2018-04-21,16.4,1.2,16.4
2018-04-22,15.9,1,15.9
2018-04-23,11.5,1.1,11.5
2018-04-24,12.2,1.8,12
2018-04-25,13.9,1.3,13.9
2018-04-26,13.7,0.8,13.7
2018-04-27,16.2,1.1,16.2
2018-04-28,15.4,1.2,15.4
2018-04-29,15.8,1.5,15.8
2018-04-30,17.7,1.2,17.7
2018-05-01,16.5,0.7,16.5
2018-05-02,16.9,1.2,16.9
2018-05-03,13.8,3.4,13.2
2018-05-04,14.6,2.9,14.6
2018-05-05,16.9,1.8,16.9
2018-05-06,16.9,0.9,16.9
2018-05-07,16.4,0.8,16.4
2018-05-08,14.8,2,14.7
2018-05-09,13.7,1.8,13.7
2018-05-10,16,1.4,16
2018-05-11,16.2,1.3,16.2
2018-05-12,16.8,0.9,16.8
2018-05-13,20,1.1,20
2018-05-14,19.1,1.1,19.1
2018-05-15,20.2,0.9,20.2
2018-05-16,20.9,1,20.9
2018-05-17,21.6,1.3,21.6
2018-05-18,21.7,1.6,21.7
2018-05-19,15.7,2.1,15.7
2018-05-20,15.4,2.1,15.4
2018-05-21,17.1,1.6,17.1
2018-05-22,17.6,1.1,17.6
2018-05-23,20.1,1.5,20.1
2018-05-24,18.7,1,18.7
2018-05-25,19.2,0.9,19.2
2018-05-26,20,1.1,20
2018-05-27,19.9,1.1,19.9
2018-05-28,19.2,0.7,19.2
2018-05-29,21.6,1,21.6
2018-05-30,22,1.2,22
2018-05-31,20.3,1.1,20.3
2018-06-01,20.9,1.2,20.9
2018-06-02,22.8,1.1,22.8
2018-06-03,22.1,1,22.1
2018-06-04,21.8,1.3,21.8
2018-06-05,20.2,0.8,20.2
2018-06-06,22.1,1,22.1
2018-06-07,23.1,1.3,23.1
2018-06-08,23.4,1,23.4
2018-06-09,22.8,1.8,22.8
2018-06-10,19.7,1.8,19.7
2018-06-11,17.8,1.1,17.8
2018-06-12,18.4,0.9,18.4
2018-06-13,20.1,1.1,20.1
2018-06-14,20.5,1.8,20.5
2018-06-15,19.8,1.9,19.8
2018-06-16,19.4,1.7,19.4
2018-06-17,20.3,1,20.3
2018-06-18,23,1.1,23
2018-06-19,21.4,0.9,21.4
2018-06-20,23.3,1.2,23.3
2018-06-21,24,1.1,24
2018-06-22,22.6,1,22.6
2018-06-23,22.5,1.1,22.5
2018-06-24,24.7,1,24.7
2018-06-25,24.6,1.2,24.6
2018-06-26,22.8,1.2,22.8
2018-06-27,25.2,1.8,25.2
2018-06-28,22.1,1.4,22.1
2018-06-29,24.1,1.2,24.1
2018-06-30,21.5,0.8,21.5
2018-07-01,23.5,1.4,23.5
2018-07-02,25,0.9,25
2018-07-03,23.5,1.5,23.5
2018-07-04,26.4,1.2,26.4
2018-07-05,23.7,0.8,23.7
2018-07-06,21.4,1.2,21.4
2018-07-07,21.4,2.2,21.4
2018-07-08,20.8,1.8,20.8
2018-07-09,19.2,0.6,19.2
2018-07-10,23.8,0.4,23.8
2018-07-11,26.5,1,26.5
2018-07-12,27.1,1.3,27.1
2018-07-13,27.7,1,27.7
2018-07-14,28.2,0.9,28.2
2018-07-15,28.3,1,28.3
2018-07-16,28,1.2,28
2018-07-17,27.4,1.2,27.4
2018-07-18,28,1.1,28
2018-07-19,28.1,0.9,28.1
2018-07-20,28.7,0.8,28.7
2018-07-21,28.9,0.9,28.9
2018-07-22,28.1,0.9,28.1
2018-07-23,28.6,1.1,28.6
2018-07-24,28.7,1.4,28.7
2018-07-25,29.5,1.2,29.5
2018-07-26,30.5,1,30.5
2018-07-27,30.2,1.1,30.2
2018-07-28,28.7,1,28.7
2018-07-29,30.2,1.8,30.2
2018-07-30,28.6,1.6,28.6
2018-07-31,28.5,1.3,28.5
2018-08-01,29.2,1.1,29.2
2018-08-02,29.3,1.7,29.3
2018-08-03,28.8,1.2,28.8
2018-08-04,29.2,1.2,29.2
2018-08-05,30.8,1,30.8
2018-08-06,29.9,1.2,29.9
2018-08-07,28.5,1.1,28.5
2018-08-08,27.8,1,27.8
2018-08-09,28.7,1,28.7
2018-08-10,27,1,27
2018-08-11,26.7,1,26.7
2018-08-12,27.2,0.8,27.2
2018-08-13,29.4,1.1,29.4
2018-08-14,29.1,1,29.1
2018-08-15,28.6,1.3,28.6
2018-08-16,26,1.5,26
2018-08-17,24.6,1.8,24.6
2018-08-18,23,1.1,23
2018-08-19,24.2,1,24.2
2018-08-20,24.7,0.9,24.7
2018-08-21,26.5,1.1,26.5
2018-08-22,28.4,2.3,28.4
2018-08-23,26.7,3.2,26.7
2018-08-24,27.7,3.2,27.7
2018-08-25,24.6,1,24.6
2018-08-26,22.4,0.8,22.4
2018-08-27,23.6,0.5,23.6
2018-08-28,26,1,26
2018-08-29,26.2,1.1,26.2
2018-08-30,26.7,1.3,26.7
2018-08-31,24.6,1.2,24.6
2018-09-01,22.3,0.9,22.3
2018-09-02,21.1,0.8,21.1
2018-09-03,23,0.5,23
2018-09-04,24.5,1.4,24.5
2018-09-05,22.3,1.2,22.3
2018-09-06,21.6,0.5,21.6
2018-09-07,21.9,0.8,21.9
2018-09-08,18.5,0.3,18.5
2018-09-09,20.2,0.9,20.2
2018-09-10,20.6,1.1,20.6
2018-09-11,19.4,1.4,19.4
2018-09-12,21.5,1,21.5
2018-09-13,20.7,0.4,20.7
2018-09-14,21.3,0.4,21.3
2018-09-15,21.8,0.2,21.8
2018-09-16,24,0.6,24
2018-09-17,23.2,0.4,23.2
2018-09-18,22.8,0.7,22.8
2018-09-19,20.4,0.6,20.4
2018-09-20,20.4,0.5,20.4
2018-09-21,19.5,0.7,19.5
2018-09-22,20.5,0.6,20.5
2018-09-23,19.3,0.7,19.3
2018-09-24,17,0.5,17
2018-09-25,16.6,1,16.6
2018-09-26,18.1,1.2,18.1
2018-09-27,17.4,1.1,17.4
2018-09-28,17.5,1,17.5
2018-09-29,18.5,1,18.5
2018-09-30,21.1,2.6,21.1
2018-10-01,17.1,2.2,17
2018-10-02,16.4,0.6,16.4
2018-10-03,15.3,0.5,15.3
2018-10-04,17.1,1.1,17.1
2018-10-05,17.7,0.9,17.7
2018-10-06,20.7,2.1,20.7
2018-10-07,18.5,0.5,18.5
2018-10-08,15.6,0.9,15.6
2018-10-09,14.6,0.4,14.6
2018-10-10,15.2,1.3,15.2
2018-10-11,12.4,1.4,12.4
2018-10-12,10.1,0.7,10.1
2018-10-13,11.2,0.5,11.2
2018-10-14,13.4,0.6,13.4
2018-10-15,14.5,0.5,14.5
2018-10-16,12.1,0.4,12.1
2018-10-17,12.4,0.3,12.4
2018-10-18,12.3,0.7,12.3
2018-10-19,10.4,0.5,10.4
2018-10-20,11.2,0.5,11.2
2018-10-21,10.8,0.3,10.8
2018-10-22,11.9,0.2,11.9
2018-10-23,14.1,0.4,14.1
2018-10-24,11.9,0.4,11.9
2018-10-25,11.2,0.5,11.2
2018-10-26,12,0.3,12
2018-10-27,10.4,0.9,10.4
2018-10-28,10.5,1.7,10.4
2018-10-29,11,1.1,10.9
2018-10-30,8.1,0.6,8.1
2018-10-31,8.1,0.5,8.1
2018-11-01,6.9,0.5,6.9
2018-11-02,7.5,0.5,7.5
2018-11-03,8.1,0.2,8.1
2018-11-04,9.3,0.4,9.3
2018-11-05,9.6,0.3,9.6
2018-11-06,10.6,0.3,10.6
2018-11-07,12.4,0.3,12.4
2018-11-08,13.8,0.8,13.8
2018-11-09,13.5,1.8,13.2
2018-11-10,9.2,0.4,9.2
2018-11-11,9.6,0.5,9.6
2018-11-12,11,0.8,10.9
2018-11-13,9.2,0.5,9.2
2018-11-14,9.1,0.5,9.1
2018-11-15,8.6,0.4,8.6
2018-11-16,8.6,0.4,8.6
2018-11-17,8.3,0.6,8.2
2018-11-18,5.4,0.5,5.4
2018-11-19,7.2,0.6,7.2
2018-11-20,5.9,0.6,5.8
2018-11-21,5,0.5,5
2018-11-22,6.3,2,5.4
2018-11-23,2.8,0.8,2.7
2018-11-24,2.3,0.4,2.3
2018-11-25,5.2,0.6,5.2
2018-11-26,5.2,0.4,5.2
2018-11-27,6.4,0.5,6.4
2018-11-28,6.3,0.7,6.2
2018-11-29,4.7,0.4,4.7
2018-11-30,5.9,0.5,5.9
2018-12-01,5.4,0.5,5.3
2018-12-02,8.1,0.7,8.1
2018-12-03,12.8,0.3,12.8
2018-12-04,13.5,0.9,13.5
2018-12-05,7.5,1.2,7.2
2018-12-06,5.9,1,5.7
2018-12-07,0.8,3,-2
2018-12-08,-1.8,1.7,-3.4
2018-12-09,-1.5,1.3,-2.7
2018-12-10,-2,0.5,-2.1
2018-12-11,1.6,0.6,1.5
2018-12-12,1.9,1.6,0.8
2018-12-13,0.3,1,-0.2
2018-12-14,0,0.9,-0.3
2018-12-15,-1.9,0.5,-1.9
2018-12-16,-0.3,0.5,-0.3
2018-12-17,2.2,0.9,2
2018-12-18,1.6,0.5,1.6
2018-12-19,3.9,0.8,3.7
2018-12-20,4.8,0.4,4.7
2018-12-21,4.4,0.5,4.3
2018-12-22,6.8,0.5,6.8
2018-12-23,7.9,1.8,7.2
2018-12-24,1.7,0.9,1.2
2018-12-25,0.4,0.5,0.3
2018-12-26,5.2,1.3,4.6
2018-12-27,0.1,2.7,-2.6
2018-12-28,-3.7,2,-5.8
2018-12-29,-2.4,2.6,-5.1
2018-12-30,-1.7,1.3,-2.7
2018-12-31,-1,0.6,-1.1
2019-01-01,-1.5,1,-1.9
2019-01-02,-0.7,1.1,-1.2
2019-01-03,-1.7,0.5,-1.8
2019-01-04,-1.1,0.2,-1.1
2019-01-05,2.9,0.8,2.6
2019-01-06,0,0.6,0
2019-01-07,-0.3,0.5,-0.4
2019-01-08,0.8,1.3,-0.1
2019-01-09,-0.4,1,-1.2
2019-01-10,2.4,1.4,1.7
2019-01-11,2.3,0.6,2.2
2019-01-12,4.2,0.6,4.2
2019-01-13,1.7,0.4,1.7
2019-01-14,1.1,0.4,1
2019-01-15,2.2,1.2,1.5
2019-01-16,-0.7,1.5,-1.9
2019-01-17,-0.1,1.2,-0.8
2019-01-18,0.6,0.5,0.6
2019-01-19,3.2,0.6,3.1
2019-01-20,4,1.8,3
2019-01-21,-0.3,0.7,-0.5
2019-01-22,0.4,0.6,0.3
2019-01-23,1.9,0.7,1.7
2019-01-24,0.9,0.5,0.8
2019-01-25,0.2,1.4,-0.9
2019-01-26,-0.2,2.2,-2.2
2019-01-27,-1.6,0.8,-1.8
2019-01-28,1.4,1.6,0.7
2019-01-29,0.4,0.7,0.2
2019-01-30,3.1,0.5,3.1
2019-01-31,1.9,0.8,1.7
2019-02-01,-1.1,1,-1.6
2019-02-02,0.7,0.6,0.5
2019-02-03,6.5,1.2,6.2
2019-02-04,5.5,2.1,4.3
2019-02-05,2.2,0.6,2.1
2019-02-06,4.7,0.6,4.7
2019-02-07,5.5,1.9,4.5
2019-02-08,1.7,1.3,0.7
2019-02-09,1.3,2,-0.1
2019-02-10,1.8,1,1.4
2019-02-11,1.6,1.9,0.1
2019-02-12,0.3,0.8,-0.1
2019-02-13,3.1,1.4,2.4
2019-02-14,2.8,0.9,2.4
2019-02-15,3.9,0.8,3.8
2019-02-16,2.2,1.8,0.9
2019-02-17,0.9,0.8,0.7
2019-02-18,1.9,0.5,1.9
2019-02-19,4.4,0.5,4.4
2019-02-20,4.4,1.3,3.9
2019-02-21,3.9,0.9,3.7
2019-02-22,4.3,0.4,4.3
2019-02-23,5.1,0.9,5
2019-02-24,5.9,0.7,5.9
2019-02-25,6.7,0.7,6.7
2019-02-26,6.2,0.9,6.2
2019-02-27,7.9,0.7,7.8
2019-02-28,8.8,0.7,8.7
2019-03-01,6.8,0.8,6.7
2019-03-02,7.2,0.7,7.1
2019-03-03,10.1,0.8,10.1
2019-03-04,10.6,0.8,10.5
2019-03-05,8.2,0.7,8.2
2019-03-06,9.6,0.8,9.5
2019-03-07,7.9,1.2,7.6
2019-03-08,6.5,0.9,6.5
2019-03-09,7.4,0.8,7.4
2019-03-10,7.6,1.2,7.2
2019-03-11,6.6,1.4,6.2
2019-03-12,6.9,1.8,6.4
2019-03-13,4.8,2.3,3.7
2019-03-14,4.9,0.9,4.8
2019-03-15,5.1,1.6,4.6
2019-03-16,6,1.3,5.8
2019-03-17,7.1,0.9,7.1
2019-03-18,7.7,1,7.6
2019-03-19,11.6,0.9,11.6
2019-03-20,10.4,0.6,10.4
2019-03-21,15.2,2,15.1
2019-03-22,9.3,1.7,8.9
2019-03-23,6.5,2.2,6
2019-03-24,5,1.9,4.7
2019-03-25,5.7,1.2,5.6
2019-03-26,9.4,1.2,9.4
2019-03-27,11.7,2.2,11.7
2019-03-28,13,1,13
2019-03-29,12.7,1,12.7
2019-03-30,11.4,2.5,10.8
2019-03-31,7,2.2,6
2019-04-01,6.2,1.6,5.7
2019-04-02,7.7,1.4,7.5
2019-04-03,8.6,1.4,8.4
2019-04-04,10.1,1.5,10.1
2019-04-05,13.3,1.5,13.3
2019-04-06,12.3,1.2,12.3
2019-04-07,11.5,0.7,11.4
2019-04-08,14.4,1.1,14.3
2019-04-09,10.6,1.9,10.2
2019-04-10,8.4,1.7,7.7
2019-04-11,8.9,0.8,8.9
2019-04-12,11.3,1,11.3
2019-04-13,10.9,1.1,10.9
2019-04-14,12.3,1.7,12.1
2019-04-15,11.7,1.2,11.7
2019-04-16,12.7,0.8,12.7
2019-04-17,15.2,1,15.2
2019-04-18,14.9,1.1,14.9
2019-04-19,12.8,0.8,12.8
2019-04-20,13.9,0.9,13.9
2019-04-21,16.1,0.6,16.1
2019-04-22,17.7,0.9,17.7
2019-04-23,14.5,0.4,14.5
2019-04-24,17.6,0.5,17.6
2019-04-25,15.5,0.7,15.5
2019-04-26,12.6,1.2,12.5
2019-04-27,12,1.1,12
2019-04-28,12.1,0.6,12.1
2019-04-29,10.9,0.6,10.9
2019-04-30,15.7,0.9,15.7
2019-05-01,16.8,1.1,16.8
2019-05-02,16.4,1,16.4
2019-05-03,16.2,1.2,16.2
2019-05-04,16.6,0.8,16.6
2019-05-05,18,0.9,18
2019-05-06,15.5,1.2,15.5
2019-05-07,15,1.2,15
2019-05-08,14.4,1,14.4
2019-05-09,16.6,0.9,16.6
2019-05-10,16.8,0.9,16.8
2019-05-11,17.9,0.9,17.9
2019-05-12,18.5,0.9,18.5
2019-05-13,17.3,1,17.3
2019-05-14,20.9,1.2,20.9
2019-05-15,20.5,0.9,20.5
2019-05-16,20.9,0.8,20.9
2019-05-17,20.4,1.3,20.4
2019-05-18,17.3,1.2,17.3
2019-05-19,18.4,0.5,18.4
2019-05-20,18.4,1.5,18.4
2019-05-21,17.1,1.2,17.1
2019-05-22,19.2,1.3,19.2
2019-05-23,21,1,21
2019-05-24,21.4,1.1,21.4
2019-05-25,22.3,0.7,22.3
2019-05-26,21.9,1.2,21.9
2019-05-27,20.1,1.7,20.1
2019-05-28,19,1.4,19
2019-05-29,19.6,1.2,19.6
2019-05-30,20.3,1.2,20.3
2019-05-31,17.5,1.1,17.5
2019-06-01,18.9,0.9,18.9
2019-06-02,20.2,0.9,20.2
2019-06-03,21.5,1,21.5
2019-06-04,22.4,1,22.4
2019-06-05,23.9,0.9,23.9
2019-06-06,21.4,1,21.4
2019-06-07,18.8,0.7,18.8
2019-06-08,20.5,1,20.5
2019-06-09,20.6,1.4,20.6
2019-06-10,19.2,1.3,19.2
2019-06-11,18.9,1.1,18.9
2019-06-12,20.7,1.1,20.7
2019-06-13,21.4,1.2,21.4
2019-06-14,18.9,0.6,18.9
2019-06-15,21.7,1.1,21.7
2019-06-16,20.8,1.1,20.8
2019-06-17,21.9,1.3,21.9
2019-06-18,22.1,0.9,22.1
2019-06-19,23,1,23
2019-06-20,24,1.1,24
2019-06-21,24.2,1.1,24.2
2019-06-22,22.5,1.3,22.5
2019-06-23,21.9,1.2,21.9
2019-06-24,21.8,1.1,21.8
2019-06-25,23.4,1.3,23.4
2019-06-26,18.3,0.5,18.3
2019-06-27,23.6,0.7,23.6
2019-06-28,24.3,1.1,24.3
2019-06-29,20.7,0.6,20.7
2019-06-30,23.9,0.6,23.9
2019-07-01,23.8,0.7,23.8
2019-07-02,24.2,0.9,24.2
2019-07-03,23.2,0.9,23.2
2019-07-04,24.7,0.8,24.7
2019-07-05,24.8,0.8,24.8
2019-07-06,24.7,1.4,24.7
2019-07-07,23.2,1.3,23.2
2019-07-08,23.2,1.3,23.2
2019-07-09,23,1.4,23
2019-07-10,20.8,1,20.8
2019-07-11,24,1.3,24
2019-07-12,24.4,1.2,24.4
2019-07-13,22.3,0.8,22.3
2019-07-14,23.6,0.9,23.6
2019-07-15,24.1,1,24.1
2019-07-16,23.6,1,23.6
2019-07-17,24.3,0.9,24.3
2019-07-18,22.4,0.6,22.4
2019-07-19,23.4,0.7,23.4
2019-07-20,24.1,2.7,24.1
2019-07-21,25.3,2.1,25.3
2019-07-22,26.6,1.2,26.6
2019-07-23,27.5,1.2,27.5
2019-07-24,26.3,1.1,26.3
2019-07-25,26.6,0.9,26.6
2019-07-26,27,1.1,27
2019-07-27,26.6,0.6,26.6
2019-07-28,27.8,1.5,27.8
2019-07-29,27.7,1.1,27.7
2019-07-30,28.4,1.3,28.4
2019-07-31,28.9,1.5,28.9
2019-08-01,28.5,1.1,28.5
2019-08-02,29,0.9,29
2019-08-03,28.7,0.8,28.7
2019-08-04,29,0.9,29
2019-08-05,29,0.8,29
2019-08-06,26.6,1.2,26.6
2019-08-07,27.8,1.3,27.8
2019-08-08,28.3,0.8,28.3
2019-08-09,28.3,0.8,28.3
2019-08-10,28.1,1.3,28.1
2019-08-11,27.8,2.2,27.8
2019-08-12,28.2,1.3,28.2
2019-08-13,28.6,0.7,28.6
2019-08-14,29.4,1.6,29.4
2019-08-15,28.4,1.6,28.4
2019-08-16,28.2,1.8,28.2
2019-08-17,26.5,1.2,26.5
2019-08-18,27.6,1,27.6
2019-08-19,25.6,0.7,25.6
2019-08-20,26.6,1,26.6
2019-08-21,25.7,0.7,25.7
2019-08-22,26.8,0.9,26.8
2019-08-23,24.7,0.6,24.7
2019-08-24,23.3,0.6,23.3
2019-08-25,22,0.4,22
2019-08-26,23.7,0.9,23.7
2019-08-27,22.6,0.4,22.6
2019-08-28,23.9,0.6,23.9
2019-08-29,22.4,1,22.4
2019-08-30,22.7,0.7,22.7
2019-08-31,22.2,0.8,22.2
2019-09-01,21.5,0.5,21.5
2019-09-02,20.2,0.5,20.2
2019-09-03,21.8,0.4,21.8
2019-09-04,23.5,0.5,23.5
2019-09-05,25.2,0.5,25.2
2019-09-06,25.9,1.1,25.9
2019-09-07,25.6,2.9,25.6
2019-09-08,25,0.7,25
2019-09-09,26.1,0.9,26.1
2019-09-10,26.5,0.8,26.5
2019-09-11,25.8,1,25.8
2019-09-12,20.6,1,20.6
2019-09-13,21.9,0.9,21.9
2019-09-14,22.1,0.7,22.1
2019-09-15,24.8,0.7,24.8
2019-09-16,24,1.2,24
2019-09-17,21.2,1.1,21.2
2019-09-18,20.9,0.8,20.9
2019-09-19,19.4,0.8,19.4
2019-09-20,19,1.1,19
2019-09-21,17.7,1,17.7
2019-09-22,17.4,2.7,17.4
2019-09-23,18.5,0.9,18.5
2019-09-24,18.8,0.7,18.8
2019-09-25,17.6,0.5,17.6
2019-09-26,20.3,0.6,20.3
2019-09-27,21.5,0.6,21.5
2019-09-28,22.8,0.4,22.8
2019-09-29,24.3,0.5,24.3
2019-09-30,23.4,0.8,23.4
2019-10-01,21.7,0.5,21.7
2019-10-02,21.2,1.1,21.2
2019-10-03,23.8,1.7,23.8
2019-10-04,21.4,0.7,21.4
2019-10-05,21.8,0.7,21.8
2019-10-06,18.7,1.2,18.7
2019-10-07,15.7,0.6,15.7
2019-10-08,17.8,0.9,17.8
2019-10-09,12.9,0.6,12.9
2019-10-10,14.5,0.5,14.5
2019-10-11,18.6,0.9,18.6
2019-10-12,20.2,2,20.2
2019-10-13,17,1.4,17
2019-10-14,15.1,0.7,15.1
2019-10-15,15,1.1,15
2019-10-16,13.5,0.6,13.5
2019-10-17,13.3,0.7,13.3
2019-10-18,14.6,0.8,14.6
2019-10-19,17.7,0.6,17.7
2019-10-20,15.9,0.6,15.9
2019-10-21,14.9,0.7,14.9
2019-10-22,15.6,0.6,15.6
2019-10-23,16,0.4,16
2019-10-24,17.9,1.4,17.9
2019-10-25,17.6,0.7,17.6
2019-10-26,14.9,0.8,14.9
2019-10-27,10,0.5,10
2019-10-28,10.6,0.7,10.6
2019-10-29,12,1.1,12
2019-10-30,10.5,0.4,10.5
2019-10-31,10.7,0.5,10.7
2019-11-01,12.4,0.4,12.4
2019-11-02,12.8,0.3,12.8
2019-11-03,13.6,0.4,13.6
2019-11-04,12.7,0.6,12.7
2019-11-05,12.2,0.5,12.2
2019-11-06,10.6,0.6,10.6
2019-11-07,11.1,0.6,11.1
2019-11-08,8.6,0.4,8.6
2019-11-09,7.7,0.5,7.7
2019-11-10,8.5,0.5,8.5
2019-11-11,13,1.4,12.8
2019-11-12,9.5,0.6,9.5
2019-11-13,9.7,1,9.7
2019-11-14,7.3,2,6.5
2019-11-15,6.5,1,6.5
2019-11-16,11.3,0.7,11.3
2019-11-17,10.7,0.3,10.7
2019-11-18,12.7,1.2,12.5
2019-11-19,5.2,1.4,4.6
2019-11-20,4.4,0.9,4.1
2019-11-21,4.8,0.8,4.7
2019-11-22,8.4,0.5,8.4
2019-11-23,10.1,0.4,10.1
2019-11-24,13.4,0.5,13.4
2019-11-25,10.3,2,9.8
2019-11-26,9.8,0.9,9.7
2019-11-27,8.3,0.8,8.3
2019-11-28,6.8,0.9,6.6
2019-11-29,4.2,0.8,4.1
2019-11-30,5.3,0.5,5.3
2019-12-01,6.9,0.7,6.8
2019-12-02,6.1,1.7,5.3
2019-12-03,2.2,0.7,2.1
2019-12-04,2.8,0.7,2.8
2019-12-05,2.3,1.5,1.4
2019-12-06,-1.5,1,-2
2019-12-07,-0.9,0.8,-1.1
2019-12-08,0.7,0.5,0.7
2019-12-09,1,0.5,1
2019-12-10,4.8,0.4,4.8
2019-12-11,7.1,1.4,6.8
2019-12-12,3.6,1,3.2
2019-12-13,0.4,0.5,0.3
2019-12-14,3.2,0.9,3.1
2019-12-15,4.2,0.5,4.2
2019-12-16,5.2,0.3,5.2
2019-12-17,7.1,0.5,7
2019-12-18,7.8,0.8,7.8
2019-12-19,4.5,1.2,4
2019-12-20,2,0.7,1.9
2019-12-21,-0.6,0.3,-0.6
2019-12-22,1.7,0.5,1.6
2019-12-23,2.4,0.6,2.4
2019-12-24,2.3,0.3,2.3
2019-12-25,3.6,0.4,3.6
2019-12-26,4.7,0.6,4.5
2019-12-27,2.9,1.6,1.9
2019-12-28,-0.6,0.4,-0.7
2019-12-29,0.8,0.4,0.8
2019-12-30,6.1,0.4,6
2019-12-31,-0.3,2.1,-2.3
2020-01-01,-1.8,0.5,-1.8
2020-01-02,-0.3,0.4,-0.3
2020-01-03,0.7,0.4,0.6
2020-01-04,0.9,0.7,0.7
2020-01-05,1,0.4,1
2020-01-06,2.5,0.3,2.5
2020-01-07,9.2,0.8,9.1
2020-01-08,8.4,3.1,7.2
2020-01-09,3.4,0.8,3.2
2020-01-10,0.7,0.5,0.7
2020-01-11,2.5,0.5,2.5
2020-01-12,3,1,2.6
2020-01-13,-0.2,0.7,-0.5
2020-01-14,0.8,0.8,0.7
2020-01-15,-0.4,0.8,-0.7
2020-01-16,0.5,0.6,0.3
2020-01-17,2.2,0.4,2.2
2020-01-18,1.7,0.7,1.6
2020-01-19,1,0.6,0.9
2020-01-20,0.8,0.7,0.6
2020-01-21,0.4,0.7,0.2
2020-01-22,3,0.4,3
2020-01-23,6.6,0.6,6.6
2020-01-24,5.8,0.6,5.8
2020-01-25,5.9,0.5,5.8
2020-01-26,7.1,1.1,6.8
2020-01-27,6.2,1.7,5.3
2020-01-28,8.2,1.3,7.8
2020-01-29,6.7,0.7,6.7
2020-01-30,5.6,0.9,5.3
2020-01-31,2.6,0.6,2.5
2020-02-01,1.8,0.8,1.5
2020-02-02,2.3,0.5,2.2
2020-02-03,1.9,0.7,1.8
2020-02-04,0.2,0.6,0
2020-02-05,0.2,2.2,-1.8
2020-02-06,-1.8,1.1,-2.4
2020-02-07,2,0.7,2
2020-02-08,2.8,1.6,2
2020-02-09,1.1,0.7,1
2020-02-10,2.4,0.8,2.4
2020-02-11,4.7,0.7,4.6
2020-02-12,8.3,0.5,8.3
2020-02-13,8.6,0.7,8.5
2020-02-14,9.3,0.4,9.3
2020-02-15,9.3,0.7,9.3
2020-02-16,5.8,1.7,4.7
2020-02-17,0,2.9,-2.7
2020-02-18,0.3,1,-0.2
2020-02-19,2.5,0.6,2.4
2020-02-20,5.4,0.7,5.4
2020-02-21,6.4,0.8,6.4
2020-02-22,8.5,1.9,8
2020-02-23,3.6,1,3.3
2020-02-24,6,0.7,6
2020-02-25,8.2,0.8,8.1
2020-02-26,9.7,0.9,9.7
2020-02-27,7.3,1.1,7
2020-02-28,5.2,0.5,5.2
2020-02-29,6.8,0.7,6.7
2020-03-01,8.5,0.9,8.4
2020-03-02,8.1,1.7,7.5
2020-03-03,6.5,0.6,6.4
2020-03-04,6.5,1.8,5.5
2020-03-05,3.4,1.3,2.8
2020-03-06,3.8,0.8,3.8
2020-03-07,4.5,0.6,4.4
2020-03-08,7.2,0.8,7.2
2020-03-09,7.5,0.4,7.5
2020-03-10,9.4,1.1,9.1
2020-03-11,5.2,1.4,4.8
2020-03-12,5.6,1,5.6
2020-03-13,8.9,0.7,8.9
2020-03-14,7.4,2.3,6.4
2020-03-15,6.1,3,4.9
2020-03-16,5.3,1.6,4.6
2020-03-17,9.2,1.6,9.1
2020-03-18,9.3,0.9,9.3
2020-03-19,11.8,2.8,11.2
2020-03-20,10.4,1.8,10.1
2020-03-21,12.1,1.3,12
2020-03-22,14.3,1.3,14.3
2020-03-23,11.5,1.4,11.5
2020-03-24,9.9,0.8,9.8
2020-03-25,10.6,0.9,10.6
2020-03-26,10.6,0.4,10.6
2020-03-27,14.8,0.6,14.8
2020-03-28,9.1,0.7,9.1
2020-03-29,8.5,0.9,8.4
2020-03-30,11.6,0.9,11.6
2020-03-31,11.2,0.7,11.2
2020-04-01,13.7,1.4,13.5
2020-04-02,10,0.8,10
2020-04-03,10.8,0.7,10.8
2020-04-04,11,1.3,10.9
2020-04-05,8,0.6,8
2020-04-06,8.8,0.6,8.8
2020-04-07,12.6,0.8,12.6
2020-04-08,12.2,1,12.2
2020-04-09,9.9,0.7,9.9
2020-04-10,9.6,0.6,9.6
2020-04-11,9.2,0.6,9.2
2020-04-12,9.2,1.2,8.9
2020-04-13,10.2,1.5,9.9
2020-04-14,11.3,0.3,11.3
2020-04-15,11.6,0.4,11.6
2020-04-16,11.2,0.6,11.2
2020-04-17,10.5,0.4,10.5
2020-04-18,14.1,0.7,14.1
2020-04-19,10.8,0.7,10.7
2020-04-20,13.5,1.6,13.4
2020-04-21,11.7,2.1,11.3
2020-04-22,8.4,2.1,7.8
2020-04-23,8.1,1.4,7.9
2020-04-24,9.9,1.8,9.8
2020-04-25,14.4,2,14.3
2020-04-26,13.6,1.2,13.6
2020-04-27,13.1,0.7,13.1
2020-04-28,12.4,0.8,12.4
2020-04-29,14.2,0.9,14.2
2020-04-30,15.9,1.2,15.9
2020-05-01,20.7,1.4,20.7
2020-05-02,19.2,0.9,19.2
2020-05-03,16.8,0.5,16.8
2020-05-04,20.9,0.6,20.9
2020-05-05,17.9,0.7,17.9
2020-05-06,19.2,1.1,19.2
2020-05-07,16.6,1.1,16.6
2020-05-08,15.1,0.8,15.1
2020-05-09,17.1,1,17.1
2020-05-10,18.4,1.1,18.4
2020-05-11,19.1,0.5,19.1
2020-05-12,19.9,2.4,19.9
2020-05-13,17.2,1,17.2
2020-05-14,17.3,0.6,17.3
2020-05-15,15.1,0.2,15.1
2020-05-16,19.3,0.4,19.3
2020-05-17,19.4,0.9,19.4
2020-05-18,18,0.6,18
2020-05-19,14.6,1.7,14.6
2020-05-20,15.4,0.9,15.4
2020-05-21,16.3,0.9,16.3
2020-05-22,16.6,0.9,16.6
2020-05-23,17.3,0.9,17.3
2020-05-24,19.4,1.1,19.4
2020-05-25,19.5,0.5,19.5
2020-05-26,19.2,0.6,19.2
2020-05-27,19.9,0.8,19.9
2020-05-28,19.4,0.9,19.4
2020-05-29,19.9,0.9,19.9
2020-05-30,19.8,0.7,19.8
2020-05-31,19.4,0.7,19.4
2020-06-01,22.5,1.2,22.5
2020-06-02,20.2,1,20.2
2020-06-03,21.1,0.9,21.1
2020-06-04,24.5,1,24.5
2020-06-05,24,0.7,24
2020-06-06,22.6,0.9,22.6
2020-06-07,22.8,0.8,22.8
2020-06-08,23.1,0.8,23.1
2020-06-09,24.1,0.8,24.1
2020-06-10,24.9,0.8,24.9
2020-06-11,24.7,0.8,24.7
2020-06-12,24.7,0.9,24.7
2020-06-13,23.1,0.5,23.1
2020-06-14,24.6,1.1,24.6
2020-06-15,23.7,0.8,23.7
2020-06-16,23.8,0.8,23.8
2020-06-17,21.5,0.7,21.5
2020-06-18,18.3,0.6,18.3
2020-06-19,22.1,1.1,22.1
2020-06-20,22.5,0.8,22.5
2020-06-21,22.4,0.9,22.4
2020-06-22,22.6,0.8,22.6
2020-06-23,23.3,0.9,23.3
2020-06-24,21.7,0.2,21.7
2020-06-25,23.1,0.8,23.1
2020-06-26,24.4,1.1,24.4
2020-06-27,24.3,0.6,24.3
2020-06-28,25.5,0.8,25.5
2020-06-29,21.7,1,21.7
2020-06-30,22.9,2.9,22.9
2020-07-01,22.5,0.8,22.5
2020-07-02,21.8,0.4,21.8
2020-07-03,19.7,0.3,19.7
2020-07-04,21,0.5,21
2020-07-05,22.2,0.5,22.2
2020-07-06,21.8,0.2,21.8
2020-07-07,24.6,0.9,24.6
2020-07-08,24.8,0.9,24.8
2020-07-09,22.6,1.1,22.6
2020-07-10,23.8,1.1,23.8
2020-07-11,24.8,1,24.8
2020-07-12,21.1,1,21.1
2020-07-13,19.3,0.6,19.3
2020-07-14,20.3,1,20.3
2020-07-15,19.4,0.5,19.4
2020-07-16,21.9,0.8,21.9
2020-07-17,22.6,0.9,22.6
2020-07-18,22,0.7,22
2020-07-19,22.8,0.7,22.8
2020-07-20,26.5,1.4,26.5
2020-07-21,25.4,0.7,25.4
2020-07-22,23.4,0.5,23.4
2020-07-23,22.5,1.1,22.5
2020-07-24,21.2,1.3,21.2
2020-07-25,21.6,0.5,21.6
2020-07-26,23.9,1,23.9
2020-07-27,22,0.4,22
2020-07-28,24.2,0.7,24.2
2020-07-29,24.3,0.4,24.3
2020-07-30,24.3,0.9,24.3
2020-07-31,26,0.7,26
2020-08-01,26.6,1,26.6
2020-08-02,27.4,1.3,27.4
2020-08-03,27.3,1.3,27.3
2020-08-04,27.3,1.1,27.3
2020-08-05,27,1.1,27
2020-08-06,26.8,1.6,26.8
2020-08-07,25.4,0.8,25.4
2020-08-08,25.3,1,25.3
2020-08-09,27.4,1.5,27.4
2020-08-10,25.8,1.1,25.8
2020-08-11,26.5,1.2,26.5
2020-08-12,27.5,1.1,27.5
2020-08-13,28,1.1,28
2020-08-14,28.7,1.5,28.7
2020-08-15,29.3,1.2,29.3
2020-08-16,28.2,1.1,28.2
2020-08-17,28.5,0.9,28.5
2020-08-18,28.6,0.8,28.6
2020-08-19,28.4,0.7,28.4
2020-08-20,28.3,0.9,28.3
2020-08-21,27.3,0.9,27.3
2020-08-22,26.9,0.8,26.9
2020-08-23,26.6,0.8,26.6
2020-08-24,27.2,0.8,27.2
2020-08-25,28,1,28
2020-08-26,27.4,2,27.4
2020-08-27,27.5,1.5,27.5
2020-08-28,26.5,0.5,26.5
2020-08-29,27.2,0.7,27.2
2020-08-30,27.8,0.9,27.8
2020-08-31,26.7,1.1,26.7
2020-09-01,25.9,0.8,25.9
2020-09-02,25.2,1.4,25.2
2020-09-03,26.4,4.1,26.4
2020-09-04,22.4,0.9,22.4
2020-09-05,20.2,0.5,20.2
2020-09-06,20.3,1.6,20.3
2020-09-07,21.8,3.2,21.8
2020-09-08,24.4,1.7,24.4
2020-09-09,22.5,0.8,22.5
2020-09-10,22.9,0.7,22.9
2020-09-11,22,0.8,22
2020-09-12,21.2,1.2,21.2
2020-09-13,20.4,0.5,20.4
2020-09-14,22.1,0.7,22.1
2020-09-15,22.6,0.6,22.6
2020-09-16,21.4,0.5,21.4
2020-09-17,20.8,0.4,20.8
2020-09-18,19.2,0.6,19.2
2020-09-19,18.5,1,18.5
2020-09-20,18.2,0.9,18.2
2020-09-21,17.3,0.8,17.3
2020-09-22,17.7,1,17.7
2020-09-23,18.7,1.1,18.7
2020-09-24,20.4,1.5,20.4
2020-09-25,19.3,0.8,19.3
2020-09-26,19.2,0.8,19.2
2020-09-27,18.4,0.8,18.4
2020-09-28,17,0.7,17
2020-09-29,16.9,0.6,16.9
2020-09-30,18.6,0.7,18.6
2020-10-01,19.4,0.7,19.4
2020-10-02,19.5,0.8,19.5
2020-10-03,20.7,0.7,20.7
2020-10-04,19.8,0.7,19.8
2020-10-05,16.1,1.7,16.1
2020-10-06,15.3,0.8,15.3
2020-10-07,16.7,1.2,16.7
2020-10-08,18.3,2.5,18.3
2020-10-09,18.4,2.2,18.4
2020-10-10,18.5,1.2,18.5
2020-10-11,16.6,0.8,16.6
2020-10-12,17.2,0.8,17.2
2020-10-13,14.7,0.8,14.7
2020-10-14,13.2,0.7,13.2
2020-10-15,14,0.9,14
2020-10-16,12,0.5,12
2020-10-17,14,0.6,14
2020-10-18,13.8,0.5,13.8
2020-10-19,12.9,0.6,12.9
2020-10-20,12.8,0.6,12.8
2020-10-21,12.9,0.4,12.9
2020-10-22,14.8,0.7,14.8
2020-10-23,11.7,1.5,11.6
2020-10-24,9.2,0.8,9.2
2020-10-25,10.6,0.5,10.6
2020-10-26,11.2,0.5,11.2
2020-10-27,11.5,0.4,11.5
2020-10-28,12.9,0.5,12.9
2020-10-29,10.6,0.6,10.6
2020-10-30,10.7,0.6,10.7
2020-10-31,10,0.5,10
2020-11-01,11.2,0.4,11.2
2020-11-02,12.5,0.4,12.5
2020-11-03,7.3,1.9,6.7
2020-11-04,5.4,0.6,5.4
2020-11-05,6.6,0.4,6.6
2020-11-06,10.8,0.4,10.8
2020-11-07,13.1,0.4,13.1
2020-11-08,10.2,1.2,10.1
2020-11-09,8.5,1.8,8.1
2020-11-10,8,0.7,8
2020-11-11,6.3,0.5,6.3
2020-11-12,7.3,0.4,7.3
2020-11-13,8.5,0.4,8.5
2020-11-14,9.6,0.4,9.6
2020-11-15,10.2,0.5,10.2
2020-11-16,10.8,0.5,10.8
2020-11-17,14.8,0.5,14.8
2020-11-18,17.6,0.9,17.6
2020-11-19,19.9,2,19.9
2020-11-20,10.3,0.9,10.2
2020-11-21,8.3,1,8.2
2020-11-22,9.7,0.6,9.6
2020-11-23,6.6,1.2,6.2
2020-11-24,5.6,0.7,5.5
2020-11-25,6.8,0.6,6.8
2020-11-26,7.2,0.6,7.2
2020-11-27,7.5,1.2,7.1
2020-11-28,3.8,1.4,3.1
2020-11-29,3.2,0.9,3
2020-11-30,4,1.2,3.6
2020-12-01,2.2,0.8,2
2020-12-02,2.9,0.4,2.9
2020-12-03,3.6,1.3,3
2020-12-04,2.4,0.7,2.3
2020-12-05,2,0.5,2
2020-12-06,2.5,0.5,2.5
2020-12-07,2.7,0.4,2.7
2020-12-08,2.4,0.6,2.3
2020-12-09,0.7,0.5,0.6
2020-12-10,3.3,0.3,3.3
2020-12-11,4.4,0.4,4.4
2020-12-12,5,1.3,4.6
2020-12-13,3.2,1.4,2.5
2020-12-14,-0.8,2.6,-3.6
2020-12-15,-2.6,1.8,-4.3
2020-12-16,-3,1.5,-4.1
2020-12-17,-2.3,0.8,-2.6
2020-12-18,0,0.9,-0.3
2020-12-19,0.6,2.5,-1.5
2020-12-20,0,1.2,-0.8
2020-12-21,-1.2,0.4,-1.2
2020-12-22,-0.8,0.4,-0.8
2020-12-23,0.2,0.4,0.1
2020-12-24,3.9,1.1,3.5
2020-12-25,2.2,1.3,1.5
2020-12-26,0.8,0.5,0.7
2020-12-27,3.1,0.3,3.1
2020-12-28,3.1,0.6,3.1
2020-12-29,4,0.9,3.7
2020-12-30,-2.6,2.7,-5.6
2020-12-31,-2.8,1.9,-4.5
2021-01-01,-1.8,1.2,-2.6
2021-01-02,-0.4,1.2,-1.2
2021-01-03,-0.1,1,-0.5
2021-01-04,-1.4,0.4,-1.5
2021-01-05,-0.2,1.2,-1.1
2021-01-06,-2.6,1.2,-3.3
2021-01-07,-5.7,2.9,-9.2
2021-01-08,-9.1,1,-9.9
2021-01-09,-7.4,1,-8.3
2021-01-10,-5.4,0.6,-5.6
2021-01-11,-3.4,0.5,-3.5
2021-01-12,-2.5,0.9,-2.9
2021-01-13,3.5,1.3,3
2021-01-14,3.1,0.6,3
2021-01-15,6.9,1.2,6.8
2021-01-16,3.1,1.3,2.2
2021-01-17,-1.2,1.9,-3
2021-01-18,-1.5,1.9,-2.7
2021-01-19,-1.6,0.8,-2
2021-01-20,-0.9,0.5,-0.9
2021-01-21,4.6,0.6,4.6
2021-01-22,7,0.6,7
2021-01-23,8.9,0.9,8.8
2021-01-24,8.2,1.4,8
2021-01-25,6.5,1,6.3
2021-01-26,4.9,0.5,4.8
2021-01-27,4.4,1,4.1
2021-01-28,1.5,2.3,-0.1
2021-01-29,-2,2.2,-4.4
2021-01-30,-0.5,1.4,-1.1
2021-01-31,2.5,0.5,2.4
2021-02-01,7.4,1.1,7.2
2021-02-02,1.5,2.2,-0.4
2021-02-03,-2.1,0.8,-2.5
2021-02-04,2.6,1,2.2
2021-02-05,0.9,0.8,0.7
2021-02-06,4,0.9,3.9
2021-02-07,6.1,0.8,6.1
2021-02-08,2.8,2.1,1.4
2021-02-09,-0.1,0.7,-0.3
2021-02-10,1.7,0.5,1.6
2021-02-11,3.6,0.5,3.6
2021-02-12,5.7,0.5,5.7
2021-02-13,7.1,0.5,7.1
2021-02-14,8.2,0.4,8.2
2021-02-15,6.9,1.3,6.5
2021-02-16,0.6,1.7,-0.4
2021-02-17,-2.7,3.4,-6.5
2021-02-18,-2.6,1.8,-4.2
2021-02-19,1.9,1.5,1.5
2021-02-20,12,2,11.6
2021-02-21,13.8,1.7,13.8
2021-02-22,14.9,2,14.8
2021-02-23,7.4,1.3,7
2021-02-24,3.6,0.5,3.6
2021-02-25,3.8,0.5,3.7
2021-02-26,8.5,1.6,8.2
2021-02-27,7.6,1.5,7.2
2021-02-28,7.1,0.9,7
2021-03-01,11,1.2,10.9
2021-03-02,6.1,1.8,5.3
2021-03-03,3.5,0.8,3.3
2021-03-04,4.9,0.4,4.9
2021-03-05,10.5,0.8,10.5
2021-03-06,7.8,1.6,7.2
2021-03-07,6.7,1.2,6.3
2021-03-08,6.7,0.9,6.6
2021-03-09,9.5,0.7,9.5
2021-03-10,8.6,1,8.5
2021-03-11,8.8,0.7,8.8
2021-03-12,9.1,1.5,8.7
2021-03-13,9,0.8,8.9
2021-03-14,9.1,0.6,9.1
2021-03-15,9.9,0.8,9.9
2021-03-16,14.5,0.9,14.5
2021-03-17,9.1,0.8,9.1
2021-03-18,10.4,1.1,10.4
2021-03-19,12.3,1.6,12.2
2021-03-20,9.9,0.8,9.9
2021-03-21,9.5,2.3,8.6
2021-03-22,7.4,2.5,6.3
2021-03-23,8.2,1.3,8.2
2021-03-24,10.2,1.1,10.1
2021-03-25,12.1,0.8,12.1
2021-03-26,12.3,0.8,12.3
2021-03-27,10.7,0.9,10.7
2021-03-28,15.9,1.9,15.8
2021-03-29,14,0.8,14
2021-03-30,12.5,0.7,12.5
2021-03-31,12,0.6,12
2021-04-01,13.7,1.8,13.7
2021-04-02,16.7,1.7,16.7
2021-04-03,15.5,0.6,15.5
2021-04-04,12.5,1.2,12.5
2021-04-05,10.8,1.4,10.7
2021-04-06,10.8,0.8,10.8
2021-04-07,13,1,13
2021-04-08,13.1,0.8,13.1
2021-04-09,10.6,1.6,10.4
